unit,year,p_area_mn,p_area_sd,p_total_area,p_number,edge_density,p_density,unit_total_area
arid_south,2020,2386.28493128272,65922.0698619746,1823121.6875,764,1.42728920804952,0.0346023229526742,2207944.25
arid_south,2020,2386.28493128272,65922.0698619746,1823121.6875,764,1.42728920804952,0.0346023229526742,2207944.25
batha,2015,443.708623260437,29810.1120953825,2008668.9375,4527,3.26550364666137,0.205032350794183,2207944.25
